<?xml version="1.0" encoding="UTF-8" ?>
<!DOCTYPE configuration
PUBLIC "-//mybatis.org//DTD Config 3.0//EN"
"http://mybatis.org/dtd/mybatis-3-config.dtd">
<!-- 全局配置 -->
<configuration>
<!-- 系统相关属性的配置 -->
  <properties >
 <property name="driver" value="com.mysql.jdbc.Driver"/>
<property name="url" value="jdbc:mysql://localhost:3306/zyw"/>
<property name="user" value="root"/>
<property name="password" value="root"/>
  </properties>
  <!-- 配置mybatis的运行环境通过default指定当前的运行环境 -->
  <environments default="developer">
		<environment id="developer">
			<!--配置事务管理，采用JDBC的事务管理  -->
			<transactionManager type="JDBC"></transactionManager>
			<!-- POOLED:mybatis自带的数据源，JNDI:基于tomcat的数据源 -->
			<dataSource type="POOLED">
				<property name="driver" value="${driver}"/>
				<property name="url" value="${url}"/>
				<property name="username" value="${user}"/>
				<property name="password" value="${password}"/>
			</dataSource>
		</environment>
	</environments>
	<mappers>
	  <mapper resource="com/zyw/dao/UserMapping.xml"/>
	</mappers>
</configuration>

